Path,Source,Target,Alpha,Avg_Conf_Drop
Theoryâž”RL,Theory,RL,0.1,0.012852999060998467
Theoryâž”RL,Theory,RL,0.3,0.043980086423696135
Theoryâž”RL,Theory,RL,0.5,0.08451547355545642
Theoryâž”Gen_Algos,Theory,Gen_Algos,0.1,0.01298514819780943
Theoryâž”Gen_Algos,Theory,Gen_Algos,0.3,0.04571082290796632
Theoryâž”Gen_Algos,Theory,Gen_Algos,0.5,0.09002563055610334
Theoryâž”Neural_Nets,Theory,Neural_Nets,0.1,0.014221636131684432
Theoryâž”Neural_Nets,Theory,Neural_Nets,0.3,0.05096039175158075
Theoryâž”Neural_Nets,Theory,Neural_Nets,0.5,0.10153111738489112
Theoryâž”Prob_Methods,Theory,Prob_Methods,0.1,0.01355877476333086
Theoryâž”Prob_Methods,Theory,Prob_Methods,0.3,0.04824409361940642
Theoryâž”Prob_Methods,Theory,Prob_Methods,0.5,0.09592379489150747
Theoryâž”Case_Based,Theory,Case_Based,0.1,0.013849013822652039
Theoryâž”Case_Based,Theory,Case_Based,0.3,0.047902297820269724
Theoryâž”Case_Based,Theory,Case_Based,0.5,0.09040490448580354
Theoryâž”Rule_Learning,Theory,Rule_Learning,0.1,0.01309988537917386
Theoryâž”Rule_Learning,Theory,Rule_Learning,0.3,0.04512316053414829
Theoryâž”Rule_Learning,Theory,Rule_Learning,0.5,0.08573544659917813
RLâž”Theory,RL,Theory,0.1,0.012121714505973265
RLâž”Theory,RL,Theory,0.3,0.041962019754431035
RLâž”Theory,RL,Theory,0.5,0.08088522808239981
RLâž”Gen_Algos,RL,Gen_Algos,0.1,0.010693927445082253
RLâž”Gen_Algos,RL,Gen_Algos,0.3,0.03831183817437956
RLâž”Gen_Algos,RL,Gen_Algos,0.5,0.07689823252412302
RLâž”Neural_Nets,RL,Neural_Nets,0.1,0.013138543031450543
RLâž”Neural_Nets,RL,Neural_Nets,0.3,0.045627942251850004
RLâž”Neural_Nets,RL,Neural_Nets,0.5,0.08638385232524036
RLâž”Prob_Methods,RL,Prob_Methods,0.1,0.012440645597627132
RLâž”Prob_Methods,RL,Prob_Methods,0.3,0.042977059515968516
RLâž”Prob_Methods,RL,Prob_Methods,0.5,0.08480102565737334
RLâž”Case_Based,RL,Case_Based,0.1,0.011763869225328374
RLâž”Case_Based,RL,Case_Based,0.3,0.04125143210952
RLâž”Case_Based,RL,Case_Based,0.5,0.08087455129616879
RLâž”Rule_Learning,RL,Rule_Learning,0.1,0.010940539420621651
RLâž”Rule_Learning,RL,Rule_Learning,0.3,0.03711360596782704
RLâž”Rule_Learning,RL,Rule_Learning,0.5,0.0701610547332149
Gen_Algosâž”Theory,Gen_Algos,Theory,0.1,0.007275015793063424
Gen_Algosâž”Theory,Gen_Algos,Theory,0.3,0.027044362323937948
Gen_Algosâž”Theory,Gen_Algos,Theory,0.5,0.05710344254284313
Gen_Algosâž”RL,Gen_Algos,RL,0.1,0.007447690287444509
Gen_Algosâž”RL,Gen_Algos,RL,0.3,0.027644184098298257
Gen_Algosâž”RL,Gen_Algos,RL,0.5,0.05789934920367638
Gen_Algosâž”Neural_Nets,Gen_Algos,Neural_Nets,0.1,0.007532276828109362
Gen_Algosâž”Neural_Nets,Gen_Algos,Neural_Nets,0.3,0.027980913793552293
Gen_Algosâž”Neural_Nets,Gen_Algos,Neural_Nets,0.5,0.05755918797854174
Gen_Algosâž”Prob_Methods,Gen_Algos,Prob_Methods,0.1,0.006365334450236063
Gen_Algosâž”Prob_Methods,Gen_Algos,Prob_Methods,0.3,0.023714355173026117
Gen_Algosâž”Prob_Methods,Gen_Algos,Prob_Methods,0.5,0.0507394888719018
Gen_Algosâž”Case_Based,Gen_Algos,Case_Based,0.1,0.007049895589057196
Gen_Algosâž”Case_Based,Gen_Algos,Case_Based,0.3,0.02531210621417852
Gen_Algosâž”Case_Based,Gen_Algos,Case_Based,0.5,0.05256468394401363
Gen_Algosâž”Rule_Learning,Gen_Algos,Rule_Learning,0.1,0.0065043950988131274
Gen_Algosâž”Rule_Learning,Gen_Algos,Rule_Learning,0.3,0.023657779113509865
Gen_Algosâž”Rule_Learning,Gen_Algos,Rule_Learning,0.5,0.048715269825817864
Neural_Netsâž”Theory,Neural_Nets,Theory,0.1,0.01118778137115575
Neural_Netsâž”Theory,Neural_Nets,Theory,0.3,0.040626145048524666
Neural_Netsâž”Theory,Neural_Nets,Theory,0.5,0.08078288118728771
Neural_Netsâž”RL,Neural_Nets,RL,0.1,0.009904702273732585
Neural_Netsâž”RL,Neural_Nets,RL,0.3,0.03551444247143552
Neural_Netsâž”RL,Neural_Nets,RL,0.5,0.07256376546705688
Neural_Netsâž”Gen_Algos,Neural_Nets,Gen_Algos,0.1,0.011008881419569181
Neural_Netsâž”Gen_Algos,Neural_Nets,Gen_Algos,0.3,0.041170152271581155
Neural_Netsâž”Gen_Algos,Neural_Nets,Gen_Algos,0.5,0.08960888296413094
Neural_Netsâž”Prob_Methods,Neural_Nets,Prob_Methods,0.1,0.011807226032544665
Neural_Netsâž”Prob_Methods,Neural_Nets,Prob_Methods,0.3,0.04309967557517106
Neural_Netsâž”Prob_Methods,Neural_Nets,Prob_Methods,0.5,0.08847230884952705
Neural_Netsâž”Case_Based,Neural_Nets,Case_Based,0.1,0.010581060291056163
Neural_Netsâž”Case_Based,Neural_Nets,Case_Based,0.3,0.037735892572109464
Neural_Netsâž”Case_Based,Neural_Nets,Case_Based,0.5,0.07616769077983135
Neural_Netsâž”Rule_Learning,Neural_Nets,Rule_Learning,0.1,0.009534722497780104
Neural_Netsâž”Rule_Learning,Neural_Nets,Rule_Learning,0.3,0.034013360290171026
Neural_Netsâž”Rule_Learning,Neural_Nets,Rule_Learning,0.5,0.06895623115381774
Prob_Methodsâž”Theory,Prob_Methods,Theory,0.1,0.010505910704848073
Prob_Methodsâž”Theory,Prob_Methods,Theory,0.3,0.03887310702388695
Prob_Methodsâž”Theory,Prob_Methods,Theory,0.5,0.07965753511678725
Prob_Methodsâž”RL,Prob_Methods,RL,0.1,0.009238881968451497
Prob_Methodsâž”RL,Prob_Methods,RL,0.3,0.03383899051171373
Prob_Methodsâž”RL,Prob_Methods,RL,0.5,0.06974181211925169
Prob_Methodsâž”Gen_Algos,Prob_Methods,Gen_Algos,0.1,0.00925926066620249
Prob_Methodsâž”Gen_Algos,Prob_Methods,Gen_Algos,0.3,0.03595486185797643
Prob_Methodsâž”Gen_Algos,Prob_Methods,Gen_Algos,0.5,0.08073781739413179
Prob_Methodsâž”Neural_Nets,Prob_Methods,Neural_Nets,0.1,0.010351908209563141
Prob_Methodsâž”Neural_Nets,Prob_Methods,Neural_Nets,0.3,0.03927517409912997
Prob_Methodsâž”Neural_Nets,Prob_Methods,Neural_Nets,0.5,0.0828944243438227
Prob_Methodsâž”Case_Based,Prob_Methods,Case_Based,0.1,0.008917110666038005
Prob_Methodsâž”Case_Based,Prob_Methods,Case_Based,0.3,0.033206748129021676
Prob_Methodsâž”Case_Based,Prob_Methods,Case_Based,0.5,0.06939549791788412
Prob_Methodsâž”Rule_Learning,Prob_Methods,Rule_Learning,0.1,0.009315948535473973
Prob_Methodsâž”Rule_Learning,Prob_Methods,Rule_Learning,0.3,0.034289025657858366
Prob_Methodsâž”Rule_Learning,Prob_Methods,Rule_Learning,0.5,0.07056851054108898
Case_Basedâž”Theory,Case_Based,Theory,0.1,0.013369193592326772
Case_Basedâž”Theory,Case_Based,Theory,0.3,0.04829296482957272
Case_Basedâž”Theory,Case_Based,Theory,0.5,0.09706484381287445
Case_Basedâž”RL,Case_Based,RL,0.1,0.011193595899312151
Case_Basedâž”RL,Case_Based,RL,0.3,0.03975347754872537
Case_Basedâž”RL,Case_Based,RL,0.5,0.07960371716562682
Case_Basedâž”Gen_Algos,Case_Based,Gen_Algos,0.1,0.012083437003340023
Case_Basedâž”Gen_Algos,Case_Based,Gen_Algos,0.3,0.043224173644772455
Case_Basedâž”Gen_Algos,Case_Based,Gen_Algos,0.5,0.08802610547646943
Case_Basedâž”Neural_Nets,Case_Based,Neural_Nets,0.1,0.0163215402047251
Case_Basedâž”Neural_Nets,Case_Based,Neural_Nets,0.3,0.058670472692303535
Case_Basedâž”Neural_Nets,Case_Based,Neural_Nets,0.5,0.11788039515314395
Case_Basedâž”Prob_Methods,Case_Based,Prob_Methods,0.1,0.013973177612081679
Case_Basedâž”Prob_Methods,Case_Based,Prob_Methods,0.3,0.050863098392849394
Case_Basedâž”Prob_Methods,Case_Based,Prob_Methods,0.5,0.1041232115401096
Case_Basedâž”Rule_Learning,Case_Based,Rule_Learning,0.1,0.011058613152028142
Case_Basedâž”Rule_Learning,Case_Based,Rule_Learning,0.3,0.038295585851179356
Case_Basedâž”Rule_Learning,Case_Based,Rule_Learning,0.5,0.07494694893356176
Rule_Learningâž”Theory,Rule_Learning,Theory,0.1,0.012435321654710505
Rule_Learningâž”Theory,Rule_Learning,Theory,0.3,0.04534622578778201
Rule_Learningâž”Theory,Rule_Learning,Theory,0.5,0.0929549254813335
Rule_Learningâž”RL,Rule_Learning,RL,0.1,0.012608629858328236
Rule_Learningâž”RL,Rule_Learning,RL,0.3,0.04611627660277817
Rule_Learningâž”RL,Rule_Learning,RL,0.5,0.09691334028805916
Rule_Learningâž”Gen_Algos,Rule_Learning,Gen_Algos,0.1,0.011144770950906806
Rule_Learningâž”Gen_Algos,Rule_Learning,Gen_Algos,0.3,0.041009711696662836
Rule_Learningâž”Gen_Algos,Rule_Learning,Gen_Algos,0.5,0.08884573988357766
Rule_Learningâž”Neural_Nets,Rule_Learning,Neural_Nets,0.1,0.01215295647788379
Rule_Learningâž”Neural_Nets,Rule_Learning,Neural_Nets,0.3,0.04573553871984283
Rule_Learningâž”Neural_Nets,Rule_Learning,Neural_Nets,0.5,0.09952267721916239
Rule_Learningâž”Prob_Methods,Rule_Learning,Prob_Methods,0.1,0.011348588950932026
Rule_Learningâž”Prob_Methods,Rule_Learning,Prob_Methods,0.3,0.04206065497257643
Rule_Learningâž”Prob_Methods,Rule_Learning,Prob_Methods,0.5,0.09072998849571579
Rule_Learningâž”Case_Based,Rule_Learning,Case_Based,0.1,0.013656669575721026
Rule_Learningâž”Case_Based,Rule_Learning,Case_Based,0.3,0.05014405335791202
Rule_Learningâž”Case_Based,Rule_Learning,Case_Based,0.5,0.10189537641902764
